<?xml version="1.0" encoding="UTF-8" standalone="yes"?>
<addon id="outlaw" name="[COLOR orange]Outlaw[/COLOR] Repo" version="1.0" provider-name="OutlawBoyz">
    <extension point="xbmc.addon.repository" name="Outlaw Repo">
        <dir>
            <info compressed="false">https://raw.githubusercontent.com/OutlawBoyz/OutlawBoyz/master/repo/zips/addons.xml</info>
            <checksum>https://raw.githubusercontent.com/OutlawBoyz/OutlawBoyz/master/repo/zips/addons.xml.md5</checksum>
            <datadir zip="true">https://raw.githubusercontent.com/OutlawBoyz/OutlawBoyz/master/repo/zips/</datadir>
        </dir>
    </extension>
    <extension point="xbmc.addon.metadata">
        <summary>Official Outlaw Repo</summary>
        <description>Offical Outlaw Repo</description>
        <disclaimer></disclaimer>
        <platform>all</platform>
        <assets>
            <icon>icon.png</icon>
            <fanart>fanart.jpg</fanart>
        </assets>
    </extension>
</addon>
