<?xml version="1.0" encoding="UTF-8" standalone="yes"?>
<addon id="plugin.video.outlaw"                                                                                                                                    
	   name="[COLOR red]Outlaw[/COLOR]"                                                 
	   version="1.0"                                                                                                                                        
	   provider-name="OutlawBoyz">
  <requires>
	
  </requires>
  <extension point="xbmc.python.pluginsource"
            library="default.py">
        <provides>video</provides>
  </extension>
  <extension point="xbmc.addon.metadata">
    <summary lang="en">Slinging Media</summary>
    <description lang="en">All the media</description>
	
    <platform>all</platform>
	<assets>
            <icon>icon.png</icon>
            <fanart>fanart.jpg</fanart>
    </assets>
  </extension>
  
</addon>
